﻿Amruthahalli,Banglore,,,,"Amruthahalli,Banglore"
Anagalapura Near Hennur Main Road,Banglore,,,,"Anagalapura Near Hennur Main Road,Banglore"
Andrahalli,Banglore,,,,"Andrahalli,Banglore"
Anekal City,Banglore,,,,Anekal
Anjanapura,Banglore,,,,"Anjanapura,Banglore"
Annapurneshwari Nagar,Banglore,,,,"Annapurneshwari Nagar,Banglore"
Ashok Nagar,Banglore,,,,Eluru
Attibele,Banglore,,,,Attibele
Avalahalli Off Sarjapur Road,Banglore,,,,"Avalahalli Off Sarjapur Road,Banglore"
Bagalur,Banglore,,,,"Bagalur, Bangalore Urban"
Bagaluru Near Yelahanka,Banglore,,,,"Bagalur, Bangalore Urban"
Banashankari,Banglore,,,,"Banashankari,Banglore"
Banaswadi,Banglore,,,,"Banaswadi,Banglore"
Bannerghatta,Banglore,,,,"Bannerghatta,Banglore"
Basapura,Banglore,,,,Banapura
Basavanagudi,Banglore,,,,"Basavanagudi,Banglore"
Basaveswarnagar,Banglore,,,,"Basaveswarnagar,Banglore"
Battarahalli,Banglore,,,,"Battarahalli,Banglore"
Bedarahalli,Banglore,,,,"Bedarahalli,Banglore"
Begur,Banglore,,,,Begur
Bellandur,Banglore,,,,"Bellandur,Banglore"
Bettadasanapura,Banglore,,,,"Bettadasanapura,Banglore"
Bidrahalli,Banglore,,,,"Bidrahalli,Banglore"
Bilekahalli,Banglore,,,,"Bilekahalli,Banglore"
Bommanahalli,Banglore,,,,Bommanahalli
Bommasandra,Banglore,,,,Bommasandra
Boovanahalli,Banglore,,,,"Boovanahalli,Banglore"
Brookefield,Banglore,,,,"Brookefield,Banglore"
Btm Layout,Banglore,,,,"Btm Layout,Banglore"
Btm Layout 2Nd Stage,Banglore,,,,"Btm Layout 2Nd Stage,Banglore"
Budigere Cross,Banglore,,,,"Budigere Cross,Banglore"
Byatarayanapura,Banglore,,,,Byatarayanapura
Carmelaram,Banglore,,,,"Carmelaram,Banglore"
Chamrajpet,Banglore,,,,"Chamrajpet,Banglore"
Chandapura,Banglore,,,,"Chandapura,Banglore"
Chandapura Anekal Road,Banglore,,,,"Chandapura Anekal Road,Banglore"
Chandra Layout Extension,Banglore,,,,"Chandra Layout Extension,Banglore"
Cheemasandra,Banglore,,,,"Cheemasandra,Banglore"
Chikka Tirupathi,Banglore,,,,"Chikka Tirupathi,Banglore"
Chikkagubbi On Hennur Main Road,Banglore,,,,"Chikkagubbi On Hennur Main Road,Banglore"
Chikkalasandra,Banglore,,,,"Chikkalasandra,Banglore"
Chikkanayakanahalli At Off Sarjapur,Banglore,,,,Chikkanayakana Halli
Cooke Town,Banglore,,,,"Cooke Town,Banglore"
Cv Raman Nagar,Banglore,,,,"Cv Raman Nagar,Banglore"
Dasarahalli On Tumkur Road,Banglore,,,,Dasarahalli
Devanahalli,Banglore,,,,Devanahalli
Doddaballapur,Banglore,,,,Doddaballapura
Doddabommasandra,Banglore,,,,"Doddabommasandra,Banglore"
Doddanekundi,Banglore,,,,"Doddanekundi,Banglore"
Doddathoguru,Banglore,,,,"Doddathoguru,Banglore"
Electronic City Phase 1,Banglore,,,,"Electronic City Phase 1,Banglore"
Electronic City Phase 2,Banglore,,,,"Electronic City Phase 2,Banglore"
Electronic City Phase Ii,Banglore,,,,"Electronic City Phase Ii,Banglore"
Electronics City,Banglore,,,,"Electronics City,Banglore"
Frazer Town,Banglore,,,,"Frazer Town,Banglore"
Gb Palya,Banglore,,,,Golden Bay
Geddalahalli,Banglore,,,,"Geddalahalli,Banglore"
Gottigere,Banglore,,,,Gottigere
Gubbalala Main Road,Banglore,,,,"Gubbalala Main Road,Banglore"
Gunjur,Banglore,,,,Gunjur
Hallehalli,Banglore,,,,"Hallehalli,Banglore"
Harlur,Banglore,,,,Harpur
Hbr Layout,Banglore,,,,"Hbr Layout,Banglore"
Hebbal,Banglore,,,,"Hebbal,Banglore"
Hennur,Banglore,,,,"Hennur,Banglore"
Hongasandra Bangalore,Banglore,,,,"Hongasandra Bangalore,Banglore"
Hoodi,Banglore,,,,"Hoodi,Banglore"
Horamavu,Banglore,,,,"Horamavu,Banglore"
Hosa Road,Banglore,,,,"Hosa Road,Banglore"
Hosahalli,Banglore,,,,Hosahalli
Hosakerehalli,Banglore,,,,"Hosakerehalli,Banglore"
Hoskote,Banglore,,,,Hoskote
Hsr Layout,Banglore,,,,"Hsr Layout,Banglore"
Hulimavu,Banglore,,,,"Hulimavu,Banglore"
Huskuru,Banglore,,,,"Huskuru,Banglore"
Indira Nagar,Banglore,,,,"Indira Nagar, Chennai"
Itpl,Banglore,,,,"Itpl,Banglore"
J. P. Nagar,Banglore,,,,Jayaprakash Nagar Mysore
Jagajeevan Ram Nagar,Banglore,,,,"Jagajeevan Ram Nagar,Banglore"
Jakkur,Banglore,,,,"Jakkur,Banglore"
Jalahalli,Banglore,,,,Jalahalli
Jayanagar,Banglore,,,,"Jayanagar, Mysore"
Jigani,Banglore,,,,Jigani
Jnana Ganga Nagar,Banglore,,,,"Jnana Ganga Nagar,Banglore"
Jp Nagar Phase 1,Banglore,,,,"Jp Nagar Phase 1,Banglore"
Jp Nagar Phase 4,Banglore,,,,"Jp Nagar Phase 4,Banglore"
Jp Nagar Phase 5,Banglore,,,,"Jp Nagar Phase 5,Banglore"
Jp Nagar Phase 6,Banglore,,,,"Jp Nagar Phase 6,Banglore"
Jp Nagar Phase 7,Banglore,,,,"Jp Nagar Phase 7,Banglore"
Jp Nagar Phase 8,Banglore,,,,"Jp Nagar Phase 8,Banglore"
Jp Nagar Phase 9,Banglore,,,,"Jp Nagar Phase 9,Banglore"
Junnasandra,Banglore,,,,"Junnasandra,Banglore"
K Channasandra,Banglore,,,,"K Channasandra,Banglore"
Kadugodi,Banglore,,,,"Kadugodi,Banglore"
Kaggadasapura,Banglore,,,,"Kaggadasapura,Banglore"
Kalkere,Banglore,,,,"Kalkere,Banglore"
Kalyan Nagar,Banglore,,,,"Kalyan Nagar,Banglore"
Kammanahalli,Banglore,,,,"Kammanahalli,Banglore"
Kammmanhalli,Banglore,,,,"Kammmanhalli,Banglore"
Kanakapura,Banglore,,,,Kanakapura
Kanakapura Road Beyond Nice Ring Road,Banglore,,,,"Kanakapura Road Beyond Nice Ring Road,Banglore"
Kannamangala,Banglore,,,,"Kannamangala,Banglore"
Kannur On Thanisandra Main Road,Banglore,,,,Kannur
Kasavanahalli,Banglore,,,,"Kasavanahalli,Banglore"
Kasturi Nagar,Banglore,,,,"Kasturi Nagar,Banglore"
Kengeri,Banglore,,,,Kengeri
Kengeri Satellite Town,Banglore,,,,Kengeri
Kodalagurki,Banglore,,,,"Kodalagurki,Banglore"
Kodigehalli,Banglore,,,,"Kodigehalli,Banglore"
Kodihalli On Old Airport Road,Banglore,,,,"Kodihalli On Old Airport Road,Banglore"
Kogilu,Banglore,,,,Kobilu
Konanakunte,Banglore,,,,Konanakunte
Koramangala,Banglore,,,,"Koramangala,Banglore"
Krishnarajapura,Banglore,,,,Krishnarajapura
Kudlu,Banglore,,,,Kudlu
Kudlu Gate,Banglore,,,,Kudlu
Kumaraswamy Layout,Banglore,,,,"Kumaraswamy Layout,Banglore"
Kumbalgodu,Banglore,,,,"Kumbalgodu,Banglore"
Kuvempu Layout On Hennur Main Road,Banglore,,,,"Kuvempu Layout On Hennur Main Road,Banglore"
Lal Bahadur Shastri Nagar,Banglore,,,,"Lal Bahadur Shastri Nagar,Banglore"
Lalbagh Road,Banglore,,,,"Lalbagh Road,Banglore"
Mahadevapura,Banglore,,,,Mahadevapura
Mallathahalli,Banglore,,,,"Mallathahalli,Banglore"
Malleswaram,Banglore,,,,"Malleswaram,Banglore"
Marathahalli,Banglore,,,,"Marathahalli,Banglore"
Margondanahalli,Banglore,,,,"Margondanahalli,Banglore"
Marsur,Banglore,,,,"Masur, India"
Medahalli,Banglore,,,,"Medahalli,Banglore"
Munnekollal,Banglore,,,,"Munnekollal,Banglore"
Nagarbhavi,Banglore,,,,"Nagarbhavi,Banglore"
Nagawara,Banglore,,,,Nasarawa State
Narayanaghatta,Banglore,,,,"Narayanaghatta,Banglore"
Narayanapura On Hennur Main Road,Banglore,,,,"Narayanapura On Hennur Main Road,Banglore"
Nayandahalli,Banglore,,,,"Nayandahalli,Banglore"
Nelamangala,Banglore,,,,Nelamangala
Nri Layout,Banglore,,,,"Nri Layout,Banglore"
Padmanabha Nagar,Banglore,,,,"Padmanabha Nagar,Banglore"
Padmanabhanagar,Banglore,,,,"Padmanabhanagar,Banglore"
Panathur,Banglore,,,,"Panathur,Banglore"
R T  Nagar,Banglore,,,,"R T  Nagar,Banglore"
Rajajinagar,Banglore,,,,"Rajajinagar,Banglore"
Ramagondanahalli,Banglore,,,,"Ramagondanahalli,Banglore"
Ramamurthy Nagar,Banglore,,,,"Ramamurthy Nagar,Banglore"
Rampura,Banglore,,,,Rampura
Rayasandra,Banglore,,,,"Rayasandra,Banglore"
Richmond Town,Banglore,,,,"Richmond Town,Banglore"
Rmv,Banglore,,,,"Rmv,Banglore"
Rmv Extension Stage 2,Banglore,,,,"Rmv Extension Stage 2,Banglore"
Rr Nagar,Banglore,,,,"Rr Nagar,Banglore"
Sadduguntepalya,Banglore,,,,"Sadduguntepalya,Banglore"
Sahakar Nagar,Banglore,,,,Sahakara Nagar
Sai Baba Ashram,Banglore,,,,"Sai Baba Ashram,Banglore"
Sanjaynagar,Banglore,,,,"Sanjaynagar,Banglore"
Sannatammanahalli,Banglore,,,,"Sannatammanahalli,Banglore"
Sarjapur,Banglore,,,,Sarjapura
Sarjapur Road Post Railway Crossing,Banglore,,,,"Sarjapur Road Post Railway Crossing,Banglore"
Sarjapur Road Wipro To Railway Crossing,Banglore,,,,"Sarjapur Road Wipro To Railway Crossing,Banglore"
Shivaji Nagar,Banglore,,,,Shivajinagar
Sidedahalli,Banglore,,,,"Sidedahalli,Banglore"
Singasandra,Banglore,,,,"Singasandra,Banglore"
Sir M V Nagar,Banglore,,,,"Sir M V Nagar,Banglore"
Sompura,Banglore,,,,Sompur
Subramanyapura,Banglore,,,,"Subramanyapura,Banglore"
Sudhama Nagar,Banglore,,,,"Sudhama Nagar,Banglore"
Talaghattapura,Banglore,,,,"Talaghattapura,Banglore"
Thanisandra,Banglore,,,,"Thanisandra,Banglore"
Thirupalya,Banglore,,,,"Thirupalya,Banglore"
Ullal Uppanagar,Banglore,,,,"Ullal Uppanagar,Banglore"
Ulsoor,Banglore,,,,"Ulsoor,Banglore"
Uttarahalli,Banglore,,,,Uttarahalli
Uttarahalli Hobli,Banglore,,,,Uttarahalli
Vajarahalli,Banglore,,,,"Vajarahalli,Banglore"
Varanasi,Banglore,,,,Varanasi
Varthur,Banglore,,,,Varthur
Vasanth Nagar,Banglore,,,,"Vasanth Nagar,Banglore"
Vibhutipura,Banglore,,,,"Vibhutipura,Banglore"
Vidyaranyapura,Banglore,,,,"Vidyaranyapura,Banglore"
Vijayanagar,Banglore,,,,Vijayanagara
Virupakshapura,Banglore,,,,Virupakshipuram
Volagerekallahalli,Banglore,,,,"Volagerekallahalli,Banglore"
Whitefield,Banglore,,,,Whitefield
Whitefield Hope Farm Junction,Banglore,,,,Whitefield
Wilson Garden,Banglore,,,,"Wilson Garden,Banglore"
Yelahanka,Banglore,,,,Yelahanka
Yelahanka New Town,Banglore,,,,Yelahanka
Yeshwantpur,Banglore,,,,Yeswanthpur
