﻿Abiramapuram,Chennai
Adambakam,Chennai
Adhanur,Chennai
Adyar,Chennai
Agaramthen,Chennai
Alandur,Chennai
Alwarpet,Chennai
Ambattur,Chennai
Ambattur Industrial Estate,Chennai
Aminjikarai,Chennai
Anakaputhur,Chennai
Anna Nagar,Chennai
Anna Nagar East,Chennai
Anna Nagar West Extension,Chennai
Annanagar West,Chennai
Arumbakkam,Chennai
Avadi,Chennai
Ayanambakkam,Chennai
Ayanavaram,Chennai
Ayapakkam,Chennai
Besant Nagar,Chennai
Camp,Chennai
Chengalpattu,Chennai
Chetpet,Chennai
Chitlapakkam,Chennai
Choolaimedu,Chennai
Chromepet,Chennai
East Tambaram,Chennai
Egatoor,Chennai
Egmore,Chennai
Ekkatuthangal,Chennai
Gerugambakkam,Chennai
Gopalapuram,Chennai
Gowrivakkam,Chennai
Guduvancheri,Chennai
Guindy,Chennai
Hastinapuram,Chennai
Injambakkam,Chennai
Iyappanthangal,Chennai
Iyyappanthangal,Chennai
K K Nagar,Chennai
Kalavakkam,Chennai
Kamaraj Nagar,Chennai
Kanathur Reddikuppam,Chennai
Kandigai,Chennai
Kannathur Reddy Kuppam,Chennai
Karapakkam,Chennai
Karasangal,Chennai
Kattankulathur,Chennai
Kattupakkam,Chennai
Keelkattalai,Chennai
Kelambakkam,Chennai
Kil Ayanambakkam,Chennai
Kilkattalai,Chennai
Kilpauk,Chennai
Kodambakkam,Chennai
Kodungaiyur West,Chennai
Kolapakkam,Chennai
Kolapakkam Vandalur,Chennai
Kolathur,Chennai
Korattur,Chennai
Kotivakkam,Chennai
Kottivakkam,Chennai
Kotturpuram,Chennai
Kovalam,Chennai
Kovilambakkam,Chennai
Kovur,Chennai
Koyambedu,Chennai
Kumananchavadi,Chennai
Kundrathur,Chennai
Madambakkam,Chennai
Madhanandapuram,Chennai
Madhavaram,Chennai
Madipakkam,Chennai
Maduravoyal,Chennai
Mahindra World City,Chennai
Mambakam,Chennai
Manapakkam,Chennai
Mangadu,Chennai
Manimangalam,Chennai
Mannivakkam,Chennai
Maraimalai Nagar,Chennai
Medavakkam,Chennai
Mevalurkuppam,Chennai
Mogappair,Chennai
Mogappair East,Chennai
Moolacheri,Chennai
Moulivakkam,Chennai
Mugalivakkam,Chennai
Muttukadu,Chennai
Mylapore,Chennai
Nallambakkam,Chennai
Nandambakkam,Chennai
Nandanam,Chennai
Nanganallur,Chennai
Nanmangalam,Chennai
Navallur,Chennai
Nedunkundram,Chennai
Neelankarai,Chennai
Nemilicheri,Chennai
Nungambakkam,Chennai
Old Pallavaram,Chennai
Oragadam,Chennai
Oragadam Industrial Corridor,Chennai
Ottiyabakkam,Chennai
Ottiyambakkam,Chennai
Padapai,Chennai
Padi,Chennai
Padianallur,Chennai
Padur,Chennai
Palavakkam,Chennai
Pallavaram,Chennai
Pallikaranai,Chennai
Pammal,Chennai
Pattabiram,Chennai
Peerakankaranai,Chennai
Perambur,Chennai
Perumbakkam,Chennai
Perungalathur,Chennai
Perungudi,Chennai
Ponmar,Chennai
Ponniammanmedu,Chennai
Poonamallee,Chennai
Porur,Chennai
Potheri,Chennai
Pozhichalur,Chennai
Pudupakkam,Chennai
Puzhal,Chennai
Raja Annamalai Puram,Chennai
Rajakilpakkam,Chennai
Ramapuram,Chennai
Ramavaram,Chennai
Rathinamangalam,Chennai
Royapettah,Chennai
Saidapet,Chennai
Saligramam,Chennai
Selaiyur,Chennai
Sembakkam,Chennai
Semmancheri,Chennai
Sholinganallur,Chennai
Singaperumal Koil,Chennai
Siruseri,Chennai
Sithalapakkam,Chennai
Sriperumbudur,Chennai
Sunnambu Kolathur S Kolathur,Chennai
Surapet,Chennai
T Nagar,Chennai
Tambaram East,Chennai
Tambaram Sanatoruim,Chennai
Tambaram West,Chennai
Teynampet,Chennai
Thaiyur,Chennai
Thalambur,Chennai
Thamaraipakkam,Chennai
Thirumalpur,Chennai
Thirumazhisai,Chennai
Thirumudivakkam,Chennai
Thirumullaivoyal,Chennai
Thiruneermalai,Chennai
Thirunindravur,Chennai
Thiruninravur,Chennai
Thiruporur,Chennai
Thiruthavali,Chennai
Thiruvanmiyur,Chennai
Thiruverkadu,Chennai
Thoraipakkam,Chennai
Thoraipakkam Omr,Chennai
Tiruporur Near Kelambakkam,Chennai
Tiruvallur,Chennai
Tiruvottiyur,Chennai
Triplicane,Chennai
Urapakkam,Chennai
Uthandi,Chennai
Vadapalani,Chennai
Vadaperumbakkam,Chennai
Valasaravakkam,Chennai
Vanagaram,Chennai
Vandalur,Chennai
Vandalur Kelambakkam Road,Chennai
Veerapuram,Chennai
Velachery,Chennai
Velappanchavadi,Chennai
Vengaivasal,Chennai
Vengambakkam,Chennai
Veppampatttu,Chennai
Veppampattu,Chennai
Villivakkam,Chennai
Virugambakkam,Chennai
West Mambalam,Chennai
West Tambaram,Chennai
