﻿Aman Vihar,Dehradun,,,Amman
Bahmanwala,Dehradun,,,"Bahmanwala,Dehradun"
Balawala,Dehradun,,,Bana Wala
Banjarawala,Dehradun,,,"Banjarawala,Dehradun"
Chandrabani,Dehradun,,,"Chandrabani,Dehradun"
Chironwali,Dehradun,,,"Chironwali,Dehradun"
Clement Town,Dehradun,,,Clement Town
Defence Colony,Dehradun,,,"Defence Colony,Dehradun"
Gms Road,Dehradun,,,"Gms Road,Dehradun"
Govind Vihar,Dehradun,,,"Govind Vihar,Dehradun"
Herbertpur,Dehradun,,,Herbertpur
Isbt Turner Road,Dehradun,,,"Isbt Turner Road,Dehradun"
Jogiwala,Dehradun,,,"Jogiwala,Dehradun"
Joly Grant,Dehradun,,,"Joly Grant,Dehradun"
Kulhan,Dehradun,,,Kalan
Majra,Dehradun,,,Clement Town
Malsi,Dehradun,,,"Malsi,Dehradun"
Miyawala,Dehradun,,,Miyawaka
Mohabbewala,Dehradun,,,"Mohabbewala,Dehradun"
Mohkampur,Dehradun,,,"Mohkampur,Dehradun"
Nakronda Road,Dehradun,,,"Nakronda Road,Dehradun"
Nawada,Dehradun,,,Nawada
Nehrugram,Dehradun,,,"Nehrugram,Dehradun"
Pithuwala Kalan,Dehradun,,,"Pithuwala Kalan,Dehradun"
Rajpur,Dehradun,,,Rajpur
Ranipokhri Nagar,Dehradun,,,"Ranipokhri Nagar,Dehradun"
Sahastradhara Road,Dehradun,,,"Sahastradhara Road,Dehradun"
Subhash Nagar,Dehradun,,,"Subhash Nagar,Dehradun"
Tunwala,Dehradun,,,"Tunwala,Dehradun"
Turner Road,Dehradun,,,"Turner Road,Dehradun"
