﻿Adarsh Nagar,Delhi
Anand Niketan,Delhi
Ashok Vihar,Delhi
Aurungzeb Road,Delhi
Babarpur,Delhi
Bindapur,Delhi
Burari,Delhi
C R Park,Delhi
Chattarpur,Delhi
Dilshad Garden,Delhi
Duggal Colony,Delhi
Dwarka Mor,Delhi
East Of Kailash,Delhi
Freedom Fighter Enclave,Delhi
Friends Colony,Delhi
Geetanjali Enclave,Delhi
Ghitorni,Delhi
Golf Links,Delhi
Govindpuri,Delhi
Greater Kailash,Delhi
Greater Kailash 1,Delhi
Greater Kailash Ii,Delhi
Green Park,Delhi
Green Park Extension,Delhi
Gulmohar Park,Delhi
Hari Nagar,Delhi
Hauz Khas,Delhi
Jamia Nagar,Delhi
Janakpuri,Delhi
Jasola,Delhi
Jawahar Park,Delhi
Jor Bagh,Delhi
Kalkaji,Delhi
Karol Bagh,Delhi
Keshavpuram,Delhi
Khanpur,Delhi
Khanpur Deoli,Delhi
Khanpur Krishna Park,Delhi
Kirti Nagar,Delhi
Krishna Nagar,Delhi
Lajpat Nagar,Delhi
Laxmi Nagar,Delhi
Maharani Bagh,Delhi
Mahavir Enclave,Delhi
Malcha Marg,Delhi
Matiala,Delhi
Mehrauli,Delhi
Moti Nagar,Delhi
Najafgarh,Delhi
Naraina,Delhi
Navjeevan Vihar,Delhi
New Friends Colony,Delhi
Niti Bagh,Delhi
Palam,Delhi
Panchsheel Enclave,Delhi
Panchsheel Park,Delhi
Paschim Vihar,Delhi
Pitampura,Delhi
Prithviraj Road,Delhi
Rajinder Nagar,Delhi
Ram Nagar,Delhi
Rohini Sector 24,Delhi
Safdarjung Enclave,Delhi
Sainik Farm,Delhi
Saket,Delhi
Sarvodaya Enclave,Delhi
Sarvpriya Vihar,Delhi
Sector 1 Dwarka,Delhi
Sector 12 Dwarka,Delhi
Sector 19 Dwarka,Delhi
Sector 23 Dwarka,Delhi
Sector 28 Dwarka,Delhi
Sector 8 Dwarka,Delhi
Sector 9 Rohini,Delhi
Shahdara,Delhi
Shanti Niketan,Delhi
Shanti Park Dwarka,Delhi
Sheikh Sarai,Delhi
Shivalik,Delhi
Shyam Nagar,Delhi
South Extension 2,Delhi
South Extension Part 1,Delhi
Sultanpur,Delhi
Sunder Nagar,Delhi
Tilak Nagar,Delhi
Tuglak Road,Delhi
Uday Park,Delhi
Uttam Nagar,Delhi
Vasant Kunj,Delhi
Vasant Vihar,Delhi
Vikaspuri,Delhi
West End,Delhi
