name,latitude,longitude
Madhurawada,17.8243075,83.3564283
Endada,17.7770782,83.3647264
Pedda Waltair,17.7308332,83.3354994
Atchutapuram,17.5642144,82.9788774
Seethammadhara,17.742199,83.3091092
Rushikonda,17.7925467,83.3842022
Gajuwaka,17.6851243,83.2035471
Vishalakshi Nagar,17.7536964,83.3420893
Kurmannapalem,17.6905906,83.1664418
Aganampudi,17.6864348,83.1377658
Pothinamallayya Palem,17.799611,83.353089
Ramavaram,17.86595,83.2452478
Pendurthi,17.80552,83.2089126
Lankelapalem,17.6631257,83.0871363
Bheemunipatnam,17.9287283,83.4265542
Achutapuram,17.5642144,82.9788774
Duvvada Railway Station Road,17.6972073,83.1467481
Yendada,17.7751229,83.3632739
Chinnamusidivada,17.7783839,83.1836568
Duvvada,17.6970004,83.1466159
Sujatha Nagar,17.798598,83.2144596
Auto Nagar,17.6962258,83.1874184
Midhilapuri Vuda Colony,17.8048798,83.3608796
Sheela Nagar,17.7161359,83.1966849
Visakhapatnam,17.6868159,83.2184815
Ram Nagar,17.7178861,83.3094707
