name,latitude,longitude
Amruthahalli,13.0665131,77.5966238
Andrahalli,13.0085936,77.4830332
Anekal City,12.8371576,77.6725236
Anjanapura,12.8580811,77.5580713
Annapurneshwari Nagar,12.9741713,77.5880263
Ashok Nagar,13.0400731,80.2159247
Attibele,12.7782588,77.7712834
Bagalur,12.8310442,77.865842
Banashankari,15.8876779,75.7046777
Banaswadi,13.0141618,77.6518539
Bannerghatta,12.8403298,77.5941657
Basapura,15.3605347,76.8455163
Basavanagudi,12.9417261,77.5755021
Begur,12.88426,77.62502
Bellandur,12.93103185,77.6782471
Bettadasanapura,12.8475411,77.6497063
Bidrahalli,14.5774262,74.9285603
Bilekahalli,12.8979703,77.6085699
Bommanahalli,12.9089453,77.6239038
Bommasandra,12.8162443,77.6916113
Boovanahalli,13.004975,76.1403916
Brookefield,12.96107,77.71017
Btm Layout,12.9151772,77.6102821
Btm Layout 2Nd Stage,12.9140082,77.607945
Budigere Cross,13.0464102,77.750307
Byatarayanapura,13.0666526,77.591967
Carmelaram,12.9111998,77.7065133
Chamrajpet,12.9571328,77.567037
Chandapura,17.4436387,77.433391
Chandapura Anekal Road,12.8082333,77.6976689
Cheemasandra,13.0585212,77.73448045
Chikka Tirupathi,12.8957681,77.8671014
Chikkalasandra,12.9121916,77.5476337
Cooke Town,13.0027852,77.624747
Cv Raman Nagar,17.2510682,80.1651978
Devanahalli,13.2483502,77.7134377
Doddaballapur,13.2929583,77.5431463
Doddabommasandra,13.0649673,77.56296571
Doddanekundi,12.9713194,77.6964768
Doddathoguru,12.8529125,77.6556155
Electronic City Phase 1,12.8496783,77.6649749
Electronic City Phase 2,12.8371576,77.6725236
Electronic City Phase Ii,12.8371576,77.6725236
Electronics City,12.84781,77.66319
Frazer Town,12.996845,77.6130165
Geddalahalli,13.1798508,77.2552288
Gottigere,12.8565317,77.5877237
Gubbalala Main Road,12.8746723,77.538075
Gunjur,12.9213,77.734
Harlur,12.8920326,77.65503767
Hbr Layout,13.0358698,77.6323597
Hebbal,13.0382184,77.5919
Hennur,13.0258087,77.6305067
Hongasandra Bangalore,12.8974892,77.6250869
Hoodi,12.9919033,77.7162015
Horamavu,13.0273312,77.6601508
Hosa Road,12.8701932,77.65358
Hosahalli,13.3500993,77.7429078
Hosakerehalli,12.9301881,77.5378332
Hoskote,13.073014,77.7921381
Hsr Layout,12.9116225,77.6388622
Hulimavu,12.8773486,77.6028031
Huskuru,13.1237336,77.4305997
Indira Nagar,12.9732913,77.6404672
Itpl,12.9845687,77.73766474
J. P. Nagar,12.9096941,77.5866067
Jakkur,13.0784743,77.6068938
Jalahalli,13.0464531,77.5483803
Jayanagar,27.64392675,83.0528052
Jigani,12.7852528,77.6380931
Jp Nagar Phase 1,12.9159404,77.5793207
Jp Nagar Phase 4,12.9159404,77.5793207
Jp Nagar Phase 5,12.9159404,77.5793207
Jp Nagar Phase 6,12.9159404,77.5793207
Jp Nagar Phase 7,12.9155514,77.5774308
Jp Nagar Phase 8,12.9159404,77.5793207
Jp Nagar Phase 9,12.9159404,77.5793207
Junnasandra,12.9106362,77.6844696
K Channasandra,13.040022,77.6796248
Kadugodi,12.9985767,77.7609716
Kaggadasapura,12.9846713,77.6790908
Kalkere,13.6973466,76.1517475
Kalyan Nagar,13.0221416,77.6403368
Kammanahalli,13.0093455,77.6377094
Kanakapura,12.5450268,77.4199095
Kannamangala,13.2151923,77.6667197
Kasavanahalli,13.2414761,77.5675665
Kasturi Nagar,13.0044979,77.6603231
Kengeri,12.9176571,77.4837568
Kengeri Satellite Town,12.9229728,77.4842926
Kodigehalli,13.0601125,77.5767725
Kogilu,13.104198,77.6170849
Konanakunte,12.8792861,77.5697529
Koramangala,12.9340114,77.6222304
Krishnarajapura,12.0325216,76.8056333
Kudlu,12.8889126,77.6555716
Kudlu Gate,12.8895775,77.6394582
Kumaraswamy Layout,12.9081487,77.5553179
Lal Bahadur Shastri Nagar,12.9678103,77.6715478
Lalbagh Road,12.9552217,77.5856608
Mahadevapura,12.9934976,77.6924156
Mallathahalli,12.9623214,77.5057232
Malleswaram,13.0027353,77.5703253
Marathahalli,12.9552572,77.6984163
Marsur,12.33272,76.6564
Medahalli,13.0278454,77.7206079
Nagarbhavi,13.00196975,77.52883895
Nagawara,13.2227,78.5541977
Narayanaghatta,12.8364852,77.7260023
Nayandahalli,12.9413253,77.5212118
Nelamangala,13.0953024,77.3963586
Nri Layout,12.9608946,79.1452875
Padmanabha Nagar,12.916279,77.5560752
Padmanabhanagar,12.91814255,77.5576711
Panathur,12.4571904,75.3557324
R T  Nagar,13.0251833,77.5920609
Rajajinagar,12.9882338,77.554883
Ramagondanahalli,13.1196469,77.5586193
Ramamurthy Nagar,13.0120218,77.6777817
Rampura,21.0328167,77.38325343
Rayasandra,12.9991538,78.3987029
Richmond Town,12.9626925,77.6041603
Rmv,13.041,77.5788
Rr Nagar,12.9149,77.5206
Sahakar Nagar,13.0623,77.5871
Sai Baba Ashram,12.9977,77.759
Sanjaynagar,20.8007519,80.1522267
Sarjapur,18.0323418,75.8338487
Shivaji Nagar,25.88455445,86.03985031
Sidedahalli,13.0625424,77.4953754
Singasandra,12.8810223,77.6490068
Sir M V Nagar,12.96832115,77.48192037
Sompura,15.4422603,75.892662
Subramanyapura,12.8963963,77.5377864
Sudhama Nagar,12.9627471,77.6610345
Thanisandra,13.054713,77.6339258
Thirupalya,12.8172898,77.6695324
Ulsoor,12.9778793,77.6246697
Uttarahalli,12.9055682,77.5455438
Vajarahalli,13.9818626,76.8686607
Varanasi,25.3356491,83.0076292
Varthur,12.9406152,77.7469937
Vasanth Nagar,12.98872125,77.58516878
Vibhutipura,13.1387986,78.1186402
Vidyaranyapura,13.0766407,77.5577315
Vijayanagar,12.9756,77.5354
Virupakshapura,12.3894502,75.9036413
Whitefield,12.9698,77.75
Wilson Garden,12.9489339,77.5968273
Yelahanka,13.1006982,77.5963454
Yelahanka New Town,13.0978039,77.5811889
Yeshwantpur,13.02383,77.5529215
Anagalapura Near Hennur Main Road,13.0704151352773�,77.68517255
Avalahalli Off Sarjapur Road,13.1364175�,77.5645189
Bagaluru Near Yelahanka,12.9716,77.5946
Basaveswarnagar,12.9716,77.5946
Battarahalli,12.9716,77.5946
Bedarahalli,12.9716,77.5946
Chandra Layout Extension,12.9716,77.5946
Chikkagubbi On Hennur Main Road,12.9716,77.5946
Chikkanayakanahalli At Off Sarjapur,12.9716,77.5946
Dasarahalli On Tumkur Road,12.9716,77.5946
Gb Palya,12.9716,77.5946
Hallehalli,12.9716,77.5946
Jagajeevan Ram Nagar,12.9716,77.5946
Jnana Ganga Nagar,12.9716,77.5946
Kammmanhalli,12.9716,77.5946
Kanakapura Road Beyond Nice Ring Road,12.9716,77.5946
Kannur On Thanisandra Main Road,12.9716,77.5946
Kodalagurki,12.9716,77.5946
Kodihalli On Old Airport Road,12.9716,77.5946
Kumbalgodu,12.9716,77.5946
Kuvempu Layout On Hennur Main Road,12.9716,77.5946
Margondanahalli,12.9716,77.5946
Munnekollal,12.9716,77.5946
Narayanapura On Hennur Main Road,12.9716,77.5946
Rmv Extension Stage 2,12.9716,77.5946
Sadduguntepalya,12.9716,77.5946
Sannatammanahalli,12.9716,77.5946
Sarjapur Road Post Railway Crossing,12.9716,77.5946
Sarjapur Road Wipro To Railway Crossing,12.9716,77.5946
Talaghattapura,12.9716,77.5946
Ullal Uppanagar,12.9716,77.5946
Uttarahalli Hobli,12.9716,77.5946
Volagerekallahalli,12.9716,77.5946
Whitefield Hope Farm Junction,12.9716,77.5946
