﻿name,latitude,longitude
Gomti Nagar Extension,26.8496217,81.0072193
Indira Nagar,26.8798933,80.9926327
Sushant Golf City,26.7881368,81.0050804
Kursi Road,26.9271144,80.9725396
Vrindavan Yojna,26.7650911,80.95714
Faizabad Road,26.8733228,80.9960646
Krishna Nagar,26.79636,80.8882087
Uattardhona,26.8912141,81.0648758
Arjunganj,26.8082089,80.9910306
Chinhat,26.8743898,81.0349854
Gomti Nagar,26.8496217,81.0072193
Sultanpur Road,26.5264163,81.4937921
Mohanlalganj,26.766611,80.9449643
Bagiamau,26.7944552,81.0063451
