name,latitude,longitude
Devpuri,21.2036397,81.6844986
Bhatagaon,21.2126911,81.6215428
Changurabhata,21.2246409,81.5945053
Kamal Vihar,21.2002216,81.6685686
Shankar Nagar,21.2510977,81.6675975
Mowa,21.2766435,81.6677299
Purena,21.2477416,81.6923168
Daldal Seoni,21.2763455,81.6709107
Dunda,21.1923916,81.6747295
Mahaveer Nagar,21.2240085,81.6714891
Kandul,21.209575,81.6169955
Sai Ssimran City,21.2097887,81.6377566
Kachna Main,21.2583104,81.6830945
Mathpurena,21.2132479,81.6329625
Saddu,21.2789937,81.6999285
Pirda 2,21.2472656,81.7162848
Raipur,21.2513844,81.6296413
Santoshi Nagar,21.2110174,81.6455037
Santoshi Nagar Road,21.221084,81.6411687
Old Dhamtari Road,21.2020585,81.6451718
Vidhan Sabha Road,21.2700705,81.6778294
Kandul Road,21.1797179,81.6458754
Kachna Road,21.2583104,81.6830945
Kachana,21.2666021,81.6962616
Bhatagaon Road,21.2110686,81.6187585
Kumhari,21.2477322,81.5161238
Professor Colony Road,21.2229965,81.6263138
Raipura Chowk Road,21.2248582,81.5946777
Avanti Vihar,21.2437501,81.67145
Pachpedi Naka,21.2134676,81.6537833
Amleshwar,21.2069257,81.5802069
Sarona,21.2489404,81.5788103
Devpuri Road,21.2077232,81.6713488
Kamal Vihar Road,21.2041993,81.6532053
Bhurkoni,21.3154254,81.7103155
Amlidih Main Road,21.2248688,81.6750084
Amlihdih,21.2210196,81.6749
Boriyakhurd,21.1959618,81.6508015
Naya Raipur,21.1610957,81.7864088
Sonpairi 2,21.121031,81.6406517
Satyam Vihar,21.2201345,81.5971507
Sunder Nagar,21.2326747,81.6097709
Adarsh Nagar,21.2640864,81.6740449
Ring Road Number 1,21.2272555,81.6118049
Gokul Nagar,21.2524268,81.6178933
