﻿name,latitude,longitude
Aman Vihar,30.3552767,78.0780299
Bahmanwala,30.2932299,78.0199003
Balawala,30.2661801,78.1062092
Banjarawala,30.2781757,78.02788
Chandrabani,30.2830292,77.9724374
Chironwali,30.3403228,78.0628054
Clement Town,30.2685607,78.0071039
Defence Colony,30.2793166,78.0552079
Gms Road,30.310005,78.0078262
Govind Vihar,30.3578779,78.0908651
Herbertpur,30.4382863,77.7366242
Isbt Turner Road,30.2785732,78.0031116
Jogiwala,30.2857815,78.0684311
Joly Grant,30.1941416,78.1649938
Kulhan,30.3790676,78.1051246
Majra,30.2965552,77.9965961
Malsi,30.3803728,78.068015
Miyawala,30.2669664,78.0908651
Mohabbewala,30.2724598,77.9810028
Mohkampur,30.2788086,78.0786543
Nakronda Road,30.2521917,78.1035691
Nawada,30.2694012,78.0564035
Nehrugram,30.2883908,78.0902682
Pithuwala Kalan,30.3007528,77.9874264
Rajpur,30.3847239,78.089439
Ranipokhri Nagar,30.1698354,78.1635688
Sahastradhara Road,30.3549317,78.0833181
Subhash Nagar,30.2777596,77.9927285
Tunwala,30.2783338,78.0908651
Turner Road,30.2785732,78.0031116
