name,latitude,longitude
Kovalam,8.4004698,76.9788156
Muttukadu,10.0118593,77.1423532
Adhanur,10.1831969,78.7496138
Mangadu,10.3228991,79.0874004
Kamaraj Nagar,10.91953,79.25022
Abiramapuram,11.1470637,79.5347975
K K Nagar,11.3106569,77.7050969
Navallur,11.72820885,75.57197828
Perumbakkam,12.2202453,78.9945343
Chetpet,12.508649,79.31449862
Vengambakkam,12.5489411,80.1423341
Chengalpattu,12.6840886,79.9836371
Sembakkam,12.7023624,80.1298612
Thiruporur,12.7258558,80.189518
Kalavakkam,12.7453188,80.1950454
Singaperumal Koil,12.7612035,80.0040713
Thaiyur,12.7725208,80.2084142
Kelambakkam,12.7871437,80.219987
Maraimalai Nagar,12.7958223,80.0269097
Padur,12.8052162,80.2240356
Pudupakkam,12.8097932,80.2035385
Potheri,12.8207567,80.0368745
Siruseri,12.8235752,80.2221501
Egatoor,12.8330267,80.228884
Kolapakkam Vandalur,12.8387767,80.1543872
Vandalur Kelambakkam Road,12.8387767,80.1543872
Thalambur,12.842032,80.2231302
Guduvancheri,12.8439952,80.0608336
Kandigai,12.8495031,80.1402727
Ponmar,12.8574825,80.1719383
Rathinamangalam,12.8585268,80.1316425
Nallambakkam,12.8600513,80.0721602
Urapakkam,12.8636676,80.0721616
Uthandi,12.8687677,80.247209
Semmancheri,12.8751861,80.2106332
Agaramthen,12.8909567,80.1408201
Vandalur,12.8916061,80.084974
Sithalapakkam,12.8917047,80.1851133
Karasangal,12.896871,80.0440183
Vengaivasal,12.9000243,80.1715639
Madambakkam,12.9057186,80.1543859
Karapakkam,12.9117073,80.2277203
Perungalathur,12.9145454,80.0879549
Rajakilpakkam,12.9145851,80.1579056
Manimangalam,12.916831,80.0412449
Sholinganallur,12.9174426,80.21649018
Selaiyur,12.9187445,80.1311172
Injambakkam,12.9189367,80.251295
Sriperumbudur,12.9201301,79.93910564
Gowrivakkam,12.9209495,80.1679764
Medavakkam,12.9229928,80.1882897
Tambaram West,12.9257923,80.1179194
West Tambaram,12.9257923,80.1179194
East Tambaram,12.9265148,80.1314526
Pallikaranai,12.9304748,80.2077692
Chitlapakkam,12.9330984,80.1413832
Nanmangalam,12.9382161,80.1782483
Kovilambakkam,12.9392427,80.1825888
Tambaram East,12.94505,80.13456
Neelankarai,12.9454955,80.2574692
Sunnambu Kolathur S Kolathur,12.9485037,80.1989335
Chromepet,12.9521897,80.1411677
Thoraipakkam Omr,12.9532329,80.2334136
Thoraipakkam,12.9536397,80.1628158
Keelkattalai,12.9548473,80.1852685
Palavakkam,12.95999,80.2560268
Madipakkam,12.9611348,80.2001292
Old Pallavaram,12.9633042,80.1665389
Thirumudivakkam,12.9646786,80.0817377
Kotivakkam,12.96954,80.2575889
Kottivakkam,12.9705053,80.2615033
Perungudi,12.9710239,80.2418051
Thiruneermalai,12.9726501,80.124091
Pammal,12.9737938,80.1408
Nanganallur,12.9801242,80.184902
Velachery,12.98016545,80.22285056
Anakaputhur,12.9806162,80.1297551
Thiruvanmiyur,12.9858948,80.2644215
Pallavaram,12.9898157,80.10098654
Pozhichalur,12.9905297,80.1440498
Kundrathur,12.9957704,80.0973114
Besant Nagar,12.9996907,80.2682259
Gerugambakkam,13.001751,80.1375408
Alandur,13.00282155,80.1719186
Guindy,13.0043766,80.23654999
Adyar,13.00645,80.2577791
Kolapakkam,13.0097074,80.1528994
Manapakkam,13.0147531,80.1744935
Nandambakkam,13.0166484,80.1911885
Kotturpuram,13.0193703,80.2435512
Mugalivakkam,13.0205798,80.1685163
Saidapet,13.020817,80.2239536
Moulivakkam,13.0222692,80.1413929
Raja Annamalai Puram,13.0244783,80.253937
Mevalurkuppam,13.0280202,80.007207
Nandanam,13.0286286,80.240256
Mylapore,13.0316473,80.2700166
Porur,13.0320131,80.158304
Alwarpet,13.0338602,80.2545491
Kattupakkam,13.0400552,80.1243027
Valasaravakkam,13.0410164,80.1721682
West Mambalam,13.0427322,80.2270781
Teynampet,13.0443237,80.2498455
Kumananchavadi,13.0456249,80.1153909
Virugambakkam,13.0475434,80.1922181
Kodambakkam,13.049207,80.2242829
Vadapalani,13.0509304,80.2120661
T Nagar,13.05279,80.23769
Thirumazhisai,13.0540139,80.0607568
Royapettah,13.0554718,80.2639706
Saligramam,13.0583406,80.1985327
Maduravoyal,13.0601732,80.1665988
Triplicane,13.0604285,80.2750704
Vanagaram,13.0604406,80.1533447
Nungambakkam,13.0620626,80.240487
Choolaimedu,13.0623344,80.2254012
Aminjikarai,13.0721399,80.2205453
Thiruverkadu,13.0727699,80.1204591
Egmore,13.0728321,80.2576906
Koyambedu,13.0734496,80.1948363
Arumbakkam,13.074371,80.2081312
Ayanambakkam,13.0748878,80.1549921
Poonamallee,13.0768552,80.05106225
Camp,13.0827,80.2707
Adambakam,13.0827,80.2707
Anna Nagar West Extension,13.0827,80.2707
Annanagar West,13.0827,80.2707
Ekkatuthangal,13.0827,80.2707
Iyappanthangal,13.0827,80.2707
Iyyappanthangal,13.0827,80.2707
Kanathur Reddikuppam,13.0827,80.2707
Kannathur Reddy Kuppam,13.0827,80.2707
Kattankulathur,13.0827,80.2707
Kil Ayanambakkam,13.0827,80.2707
Kilkattalai,13.0827,80.2707
Madhanandapuram,13.0827,80.2707
Mambakam,13.0827,80.2707
Mannivakkam,13.0827,80.2707
Moolacheri,13.0827,80.2707
Nedunkundram,13.0827,80.2707
Oragadam Industrial Corridor,13.0827,80.2707
Ottiyabakkam,13.0827,80.2707
Ottiyambakkam,13.0827,80.2707
Padapai,13.0827,80.2707
Peerakankaranai,13.0827,80.2707
Ponniammanmedu,13.0827,80.2707
Surapet,13.0827,80.2707
Tambaram Sanatoruim,13.0827,80.2707
Thirunindravur,13.0827,80.2707
Thiruthavali,13.0827,80.2707
Tiruporur Near Kelambakkam,13.0827,80.2707
Velappanchavadi,13.0827,80.2707
Kilpauk,13.0832149,80.2379864
Mogappair,13.0835142,80.1840779
Mogappair East,13.0835142,80.1840779
Anna Nagar East,13.0845523,80.2196163
Anna Nagar,13.0872004,80.2164421
Ambattur Industrial Estate,13.0922855,80.1675492
Ayanavaram,13.0946157,80.23541
Ayapakkam,13.1032642,80.132508
Padi,13.1035851,80.1920425
Korattur,13.1115392,80.1842767
Perambur,13.1121242,80.245022
Villivakkam,13.1125875,80.2081378
Ambattur,13.1128863,80.15986241
Thirumullaivoyal,13.1152512,80.1382237
Thiruninravur,13.11573,80.026717
Pattabiram,13.1186572,80.0649854
Avadi,13.1194809,80.1026704
Veppampattu,13.1235994,79.9984223
Kolathur,13.1241127,80.2046276
Nemilicheri,13.1256971,80.0506578
Oragadam,13.130791,80.1529145
Kodungaiyur West,13.1355089,80.2468151
Tiruvallur,13.1394221,79.9070839
Madhavaram,13.1429313,80.2325166
Tiruvottiyur,13.1563873,80.3005279
Puzhal,13.1636492,80.2038067
Vadaperumbakkam,13.1757143,80.2187732
Veerapuram,13.1864165,80.0824863
Padianallur,13.2032865,80.1730356
Thamaraipakkam,13.2200491,80.0321236
Ramapuram,14.2012997,78.77085116
Kovur,14.5196139,79.98609721
Thirumalpur,17.0211089,77.9000951
Gopalapuram,17.1340648,81.53082657
Hastinapuram,17.3291354,78.5542145
Ramavaram,18.6260898,83.3504278
Mahindra World City,12.7248,80.0038
