﻿name,latitude,longitude
Chattarpur,28.4958562,77.1848254
Ghitorni,28.4964413,77.1393872
Sultanpur,28.4967184,77.1633995
Khanpur Deoli,28.5019207,77.2297379
Sainik Farm,28.5044051,77.2141252
Khanpur,28.5077037,77.2321999
Jawahar Park,28.5077961,77.2311749
Freedom Fighter Enclave,28.5090004,77.1976613
Khanpur Krishna Park,28.509731,77.2337692
Duggal Colony,28.5105288,77.2297379
Mehrauli,28.5204637,77.178666
Saket,28.5220971,77.2101534
Vasant Kunj,28.5293121,77.1484442
Geetanjali Enclave,28.5308814,77.2024306
Navjeevan Vihar,28.5334761,77.1995558
Shivalik,28.5340242,77.2053054
Greater Kailash Ii,28.53536,77.2419522
Govindpuri,28.5354383,77.2639326
Greater Kailash 1,28.5358654,77.2363445
Sheikh Sarai,28.5363155,77.2218338
Sarvodaya Enclave,28.5372066,77.2011857
C R Park,28.5397842,77.2489726
Kalkaji,28.5399515,77.2591579
Panchsheel Park,28.5415056,77.216085
Sarvpriya Vihar,28.542767,77.2067427
Jasola,28.5439606,77.2913795
Sector 28 Dwarka,28.5441945,77.0348573
Panchsheel Enclave,28.54482,77.2283008
Hauz Khas,28.5478897,77.2031247
Greater Kailash,28.548202,77.2380163
Jamia Nagar,28.5538528,77.295553
Gulmohar Park,28.5572098,77.2127891
East Of Kailash,28.5583464,77.2530829
Green Park,28.5584489,77.2029376
Niti Bagh,28.5595022,77.2168036
Green Park Extension,28.5597033,77.203868
Uday Park,28.5601003,77.2193187
Vasant Vihar,28.560257,77.1617358
Sector 23 Dwarka,28.5633432,77.0550072
Safdarjung Enclave,28.564726,77.1949164
Lajpat Nagar,28.5649034,77.2403317
Friends Colony,28.5668488,77.266388
New Friends Colony,28.5674621,77.2691326
South Extension 2,28.5700911,77.2193126
Maharani Bagh,28.5714978,77.2640259
Sector 8 Dwarka,28.5720379,77.070837
South Extension Part 1,28.5732907,77.2219418
West End,28.5744821,77.1635927
Shanti Niketan,28.5779173,77.1693661
Anand Niketan,28.5789383,77.1650527
Sector 19 Dwarka,28.5860795,77.0486422
Jor Bagh,28.5877575,77.215312
Palam,28.5900637,77.0887828
Sector 12 Dwarka,28.5937647,77.0434934
Sector 1 Dwarka,28.5960358,77.0744343
Golf Links,28.5973381,77.2322727
Prithviraj Road,28.5975876,77.2185875
Tuglak Road,28.5977601,77.2112055
Mahavir Enclave,28.5993858,77.0817494
Aurungzeb Road,28.5995757,77.215456
Malcha Marg,28.6015047,77.185978
Sunder Nagar,28.6016775,77.2433795
Matiala,28.6083508,77.0506261
Najafgarh,28.6090126,76.9854526
Bindapur,28.6104122,77.0686162
Shanti Park Dwarka,28.6184011,77.0352171
Uttam Nagar,28.6195574,77.0549901
Janakpuri,28.621899,77.0878385
Dwarka Mor,28.6230719,77.0277157
Hari Nagar,28.6248596,77.1108681
Laxmi Nagar,28.6275609,77.2784081
Naraina,28.632047,77.1389094
Rajinder Nagar,28.6372353,77.1823638
Vikaspuri,28.6386438,77.07206
Tilak Nagar,28.6389315,77.0866811
Shyam Nagar,28.6475361,77.1032095
Kirti Nagar,28.6493776,77.1436998
Krishna Nagar,28.6509821,77.286333
Karol Bagh,28.6550458,77.1888201
Moti Nagar,28.6582349,77.1432671
Paschim Vihar,28.6691255,77.0928656
Shahdara,28.6713752,77.2692261
Ram Nagar,28.6802872,77.2958239
Dilshad Garden,28.6828082,77.3121354
Babarpur,28.6849266,77.2824253
Keshavpuram,28.6874636,77.157839
Ashok Vihar,28.6909791,77.1765239
Pitampura,28.6989703,77.1387225
Sector 9 Rohini,28.7161663,77.1240672
Adarsh Nagar,28.7192604,77.173582
Rohini Sector 24,28.7284523,77.0881034
Burari,28.7582634,77.1946018
