name,latitude,longitude
Ramachandrapuram,16.8372408,82.0325401
Kadthal,16.983683,78.5007657
Maheshwaram,17.1350856,78.4329948
Pocharam,17.1728855,78.6058242
Tukkuguda,17.2090762,78.4761307
Adibatla,17.2335311,78.5425543
Shamshabad,17.2619301,78.387971
Moinabad,17.3268277,78.2746658
Hayathnagar,17.3270709,78.6053386
Vanasthalipuram,17.3317096,78.5753592
Budvel,17.3343684,78.4064687
Kismatpur,17.3380151,78.3825994
Lb Nagar,17.3457176,78.5522296
Appa Junction,17.34972,78.360263
Appa Junction Peerancheru,17.3503184,78.35917
Mansoorabad,17.3513367,78.5625531
Saroornagar,17.3529457,78.5356595
Saidabad,17.3573882,78.5112407
Auto Nagar,17.3578951,78.5831181
Bandlaguda Jagir,17.3629719,78.3943263
Attapur,17.3667195,78.4285084
Dilsukh Nagar,17.3684658,78.5315941
Nagole,17.3714737,78.5695016
Manchirevula,17.3727683,78.3498129
Kothapet,17.3730192,78.547636
Gandipet,17.3806863,78.3244788
Narsingi,17.3875755,78.3572111
Amberpet,17.3920179,78.5162559
Kokapet,17.3932777,78.3411448
Puppalaguda,17.3982116,78.3748513
Uppal,17.3983774,78.5582652
Uppal Kalan,17.3983774,78.5582652
Narayanguda,17.3985568,78.4929521
Toli Chowki,17.3990023,78.4156933
Peerzadiguda,17.3990571,78.6098059
Nallakunta,17.3991274,78.5017083
Himayat Nagar,17.4020637,78.4840052
Shaikpet,17.4059875,78.3908428
Manikonda,17.4062155,78.3763486
Habsiguda,17.4066234,78.5437741
Panchavati Colony,17.4103214,78.3813813
Boduppal,17.41412,78.5790607
Film Nagar,17.4160258,78.4113656
Banjara Hills,17.416889,78.43867
Nanakramguda,17.4169142,78.3423777
Raidurgam,17.4178301,78.3889717
Shankarpally Road,17.418676,78.2231983
Khajaguda Nanakramguda Road,17.419624,78.353312
Somajiguda,17.4237128,78.4584013
Tarnaka,17.4300625,78.5415931
Nacharam,17.4308087,78.559548
Sri Nagar Colony,17.4321456,78.4384747
Jubilee Hills,17.4325894,78.4070691
Gopanpally,17.4357902,78.3012018
Ameerpet,17.4375084,78.4482441
Mokila,17.4393361,78.1849427
Gachibowli,17.4400802,78.3489168
Osman Nagar,17.4415837,78.2785379
Hitech City,17.4434646,78.3771953
Kollur,17.4436,78.2509
Begumpet,17.4447068,78.4663812
Mallapur,17.4464663,78.5745744
Madhapur,17.4485835,78.3908035
Malkajgiri,17.4503375,78.5322481
Gopanapalli,17.451398,78.3092426
West Marredpally,17.4523906,78.5060029
Shankarpalli,17.4553645,78.1311666
Sanath Nagar,17.4562544,78.4439295
Tellapur,17.463172,78.2864815
Kothaguda,17.4643489,78.3755955
Moosapet,17.4664636,78.4254105
Rampally,17.4671913,78.6418696
Neredmet,17.4684272,78.5354118
Bowenpally,17.4685901,78.4810648
Kondapur,17.4698577,78.3578246
Velimela,17.4739025,78.2276776
Nallagandla Gachibowli,17.4747785,78.3102918
Trimalgherry,17.4777385,78.510745
As Rao Nagar,17.4784775,78.5506371
Old Bowenpally,17.4798291,78.4812494
Kushaiguda,17.4802826,78.5699471
Balanagar,17.4813993,78.4489935
Lingampally,17.4836979,78.3158338
Serilingampally,17.4836979,78.3158338
Hafeezpet,17.4841683,78.3602942
Nagaram,17.485291,78.6098847
Kukatpally,17.4875418,78.3953462
Kapra,17.4885251,78.5681716
Sainikpuri,17.492838,78.5469015
Chandanagar,17.4934113,78.3277948
Alwal,17.4967016,78.5066233
Pragathi Nagar Kukatpally,17.497722,78.3944485
Dammaiguda,17.5003026,78.5938192
Hyder Nagar,17.5011026,78.3851635
Yapral,17.5060153,78.5330044
Patighanpur,17.5098538,78.2447667
Miyapur,17.5169014,78.3428304
Ameenpur,17.5171428,78.315742
Aminpur,17.5171428,78.315742
Beeramguda,17.518468,78.3038449
Ramachandra Puram,17.5192439,78.3066246
Nizampet,17.5196675,78.3778542
Jeedimetla,17.5196968,78.4586419
Mahadevpur Colony,17.5213474,78.4140817
Bolarum,17.5217602,78.510961
Patancheru,17.5287427,78.266725
Gajularamaram,17.5349627,78.4022446
Gajulramaram Kukatpally,17.5349627,78.4022446
Krishna Reddy Pet,17.5358625,78.2903239
Kompally,17.5366218,78.4844811
Suraram,17.5412112,78.4338481
Muthangi,17.5425548,78.2267425
Kistareddypet,17.5433966,78.2945939
Isnapur,17.546631,78.2131398
Mallampet,17.5502182,78.3358612
Bachupally,17.5513353,78.3855189
Rameshwaram Banda,17.5559906,78.2786169
Bahadurpally,17.5641438,78.4376862
Indresham,17.5747889,78.2548589
Bowrampet,17.5749425,78.3909517
Lakdaram,17.5804216,78.2077368
Gundlapochampalli,17.5898881,78.4155033
Gundlapochampally,17.5898881,78.4155033
Shamirpet,17.5958184,78.5712832
Gagillapur,17.6127536,78.3894284
Medchal,17.6323358,78.4804828
Dundigal,17.6351238,78.4022158
Nagulapally,17.8678153,78.4567223
Bapu Nagar,17.4436,78.4418
Rajendra Nagar,17.322,17.322
Pati,17.492,78.2391
Suchitra,17.5022,78.4716
