name,latitude,longitude
Arera Colony,23.2208721,77.4293649
Awadhpuri,23.230229,77.4866612
Ayodhya Bypass,23.2553971,77.4785168
Ayodhya Nagar,23.2748329�,77.4672339
Bhel,23.2446,77.473
Chuna Bhatti,23.20390075,77.41539328
Gandhinagar,23.2232877,72.6492267
Govindpura,24.3623051,77.1324563
Gulmohar Colony,23.1844,77.4379
Hoshangabad Road,23.1876646,77.4529413
Jahangirabad,28.4033531,78.1049538
Kolar Road,23.1737805,77.4173378
Lalghati,23.27298265,77.36988115
Malviya Nagar,28.5339201,77.2124474
Misrod,23.1684964,77.4586234
Patel Nagar,28.6450527,77.1693179
Saket Nagar,23.2152945,77.4600732
Salaiya,24.0992117,80.7743941
Shahpura,25.625258,74.9274576
Bagmugalia,23.1903,77.4849
Bawaria Kalan,23.178,77.4481
Jatkhedi,23.1739,77.4788
