﻿name,latitude,longitude
Vaishali Nagar,26.9047751,75.7488641
Ajmer Road,26.8938045,75.7472084
Gopalpura,26.8813418,75.7814994
Dholai,26.8390003,75.7469891
Jhotwara,26.9545943,75.7455944
Mansarovar Extension,26.8256901,75.7500497
Ram Nagar,26.9007824,75.7783025
Jagatpura,26.8176736,75.8617171
Transport Nagar,26.9091785,75.8456936
Sanganer,26.8191641,75.7659513
Panchyawala,26.9152651,75.7174364
Heerawala,26.8887749,75.7262264
Mahindra Sez,26.8060945,75.6444112
Sirsi,26.9104673,75.678566
Shyam Nagar,26.888214,75.7611853
Gandhi Path West,26.9049047,75.7234063
Bapu Nagar,26.8898252,75.8083612
Govindpura Kardhani Scheme,26.9550442,75.7104096
Sikar Road,26.9805085,75.7745189
Govindpuri,26.8936206,75.7788962
Mansarovar,26.8504593,75.7627702
Vidhyadhar Nagar,26.9621084,75.7816265
Hathoj,26.9633188,75.6799257
Maniyawas,26.8697005,75.7406046
Bhankrota,26.8708346,75.6972666
Karni Vihar,26.8823937,75.7356953
Brijlalpura,26.8890502,75.7444172
Alkapuri,26.9780551,75.762586
Sitapura,26.7750872,75.8513938
Chitrakoot Scheme,26.9020408,75.7357806
Girdharipura,26.8937932,75.718867
Govindpura,26.9533929,75.702683
Sunder Nagar,26.8462853,75.756896
Pratap Nagar,26.8036533,75.8084579
Malviya Nagar,26.8548662,75.8242966
Patrakar Colony,26.869157,75.7539772
Gokulpura,26.9440621,75.7093318
Ashok Nagar,26.9089009,75.8022011
Khatipura,26.9280172,75.7480083
Gajsinghpur,26.878548,75.7251924
Tilak Nagar,26.8945243,75.8213018
Niwaru,26.973788,75.7118038
Harnathpura,26.9602687,75.7226116
Adarsh Nagar,26.9018769,75.8271749
Kalwar,26.9594335,75.6586295
Muralipura,26.9776019,75.7639187
Shahpura,27.3842893,75.9611437
Shastri Nagar,26.9503102,75.8009833
Kalwar Road,26.9531902,75.6984518
Gokulpura Kalwar Road,26.9550375,75.6934918
Sirsi Road,26.9230833,75.6905785
Thikariya,26.853538,75.6293796
Subhash Nagar,26.9326667,75.8029484
Hatoj Kalwar Jaipur Road,26.9536702,75.6970807
Niwaru Road,26.9653047,75.7244799
Ayodhya Nagar,26.9021627,75.7247923
