﻿name,latitude,longitude
Pithampur,22.611121,75.6772689
Rau,22.6399382,75.8033385
New Rani Bagh,22.6684602,75.8780855
Vaishali Nagar,22.6818927,75.8323882
Sudama Nagar,22.6917042,75.831393
Musakhedi,22.6923209,75.9039237
Navlakha,22.6980012,75.8682878
Bhicholi Mardana,22.7081414,75.9229596
Pipliyahana,22.7093523,75.9014392
Gokul Nagar,22.7250663,75.9305377
Vijay Nagar,22.7532848,75.8936962
Mahalakshmi Nagar,22.7590156,75.9129349
Nipania,22.7617374,75.9273187
Sukliya,22.7640774,75.87091
Super Corridor,22.7691957,75.8162542
Maya Khedi,22.7761864,75.9419693
Bhawrasla,22.7930099,75.8471525
Manglia,22.8167246,75.9255585
Ab Bypass Road,22.8322418,75.938432
