﻿name,latitude,longitude
Kakadev,26.4804247,80.2911559
Lajpat Nagar,26.4688449,80.3066861
Keshavpuram,26.4869995,80.2741993
Pandu Nagar,26.4733386,80.2976316
Kalyanpur,26.510822,80.2468661
Kidwai Nagar,26.4275236,80.3353368
Tilak Nagar,26.4895806,80.3224842
Swaroop Nagar,26.4878169,80.3206131
Shastri Nagar,26.4638899,80.3005664
Sarvodaya Nagar,26.4797497,80.3059896
Sharda Nagar,26.4861403,80.2857005
Keshav Nagar,26.4279797,80.3132408
Shyam Nagar,26.4076522,80.36828
Harsh Nagar,26.4729485,80.3150465
Govind Nagar,26.4492218,80.3093914
Naubasta,26.4017716,80.314458
Indira Nagar,26.5090151,80.264191
