﻿name,,latitude,longitude,,,
Adibatla,Hyderabad,17.2335,78.5426,,,
Alwal,Hyderabad,17.4967,78.5066,,,
Amberpet,Hyderabad,,,,,
Ameenpur,Hyderabad,,,,,
Ameerpet,Hyderabad,,,,,
Aminpur,Hyderabad,,,,,
Appa Junction,Hyderabad,,,,,
Appa Junction Peerancheru,Hyderabad,,,,,
As Rao Nagar,Hyderabad,,,,,
Attapur,Hyderabad,,,,,
Auto Nagar,Hyderabad,,,,,
Bachupally,Hyderabad,,,,,
Bahadurpally,Hyderabad,,,,,
Balanagar,Hyderabad,,,,,
Bandlaguda Jagir,Hyderabad,,,,,
Banjara Hills,Hyderabad,,,,,
Bapu Nagar,Hyderabad,,,,,
Beeramguda,Hyderabad,,,,,
Begumpet,Hyderabad,,,,,
Boduppal,Hyderabad,,,,,
Bolarum,Hyderabad,,,,,
Bowenpally,Hyderabad,,,,,
Bowrampet,Hyderabad,,,,,
Budvel,Hyderabad,,,,,
Chandanagar,Hyderabad,,,,,
Dammaiguda,Hyderabad,,,,,
Dilsukh Nagar,Hyderabad,,,,,
Dundigal,Hyderabad,,,,,
Film Nagar,Hyderabad,,,,,
Gachibowli,Hyderabad,,,,,
Gagillapur,Hyderabad,,,,,
Gajularamaram,Hyderabad,,,,,
Gajulramaram Kukatpally,Hyderabad,,,,,
Gandipet,Hyderabad,,,,,
Gopanapalli,Hyderabad,,,,,
Gopanpally,Hyderabad,,,,,
Gundlapochampalli,Hyderabad,,,,,
Gundlapochampally,Hyderabad,,,,,
Habsiguda,Hyderabad,,,,,
Hafeezpet,Hyderabad,,,,,
Hayathnagar,Hyderabad,,,,,
Himayat Nagar,Hyderabad,,,,,
Hitech City,Hyderabad,,,,,
Hyder Nagar,Hyderabad,,,,,
Indresham,Hyderabad,,,,,
Isnapur,Hyderabad,,,,,
Jeedimetla,Hyderabad,,,,,
Jubilee Hills,Hyderabad,,,,,
Kadthal,Hyderabad,,,,,
Kapra,Hyderabad,,,,,
Khajaguda Nanakramguda Road,Hyderabad,,,,,
Kismatpur,Hyderabad,,,,,
Kistareddypet,Hyderabad,,,,,
Kokapet,Hyderabad,,,,,
Kollur,Hyderabad,,,,,
Kompally,Hyderabad,,,,,
Kondapur,Hyderabad,,,,,
Kothaguda,Hyderabad,,,,,
Kothapet,Hyderabad,,,,,
Krishna Reddy Pet,Hyderabad,,,,,
Kukatpally,Hyderabad,,,,,
Kushaiguda,Hyderabad,,,,,
Lakdaram,Hyderabad,,,,,
Lb Nagar,Hyderabad,,,,,
Lingampally,Hyderabad,,,,,
Madhapur,Hyderabad,,,,,
Mahadevpur Colony,Hyderabad,,,,,
Maheshwaram,Hyderabad,,,,,
Malkajgiri,Hyderabad,,,,,
Mallampet,Hyderabad,,,,,
Mallapur,Hyderabad,,,,,
Manchirevula,Hyderabad,,,,,
Manikonda,Hyderabad,,,,,
Mansoorabad,Hyderabad,,,,,
Medchal,Hyderabad,,,,,
Miyapur,Hyderabad,,,,,
Moinabad,Hyderabad,,,,,
Mokila,Hyderabad,,,,,
Moosapet,Hyderabad,,,,,
Muthangi,Hyderabad,,,,,
Nacharam,Hyderabad,,,,,
Nagaram,Hyderabad,,,,,
Nagole,Hyderabad,,,,,
Nagulapally,Hyderabad,,,,,
Nallagandla Gachibowli,Hyderabad,,,,,
Nallakunta,Hyderabad,,,,,
Nanakramguda,Hyderabad,,,,,
Narayanguda,Hyderabad,,,,,
Narsingi,Hyderabad,,,,,
Neredmet,Hyderabad,,,,,
Nizampet,Hyderabad,,,,,
Old Bowenpally,Hyderabad,,,,,
Osman Nagar,Hyderabad,,,,,
Panchavati Colony,Hyderabad,,,,,
Patancheru,Hyderabad,,,,,
Pati,Hyderabad,,,,,
Patighanpur,Hyderabad,,,,,
Peerzadiguda,Hyderabad,,,,,
Pocharam,Hyderabad,,,,,
Pragathi Nagar Kukatpally,Hyderabad,,,,,
Puppalaguda,Hyderabad,,,,,
Raidurgam,Hyderabad,,,,,
Rajendra Nagar,Hyderabad,,,,,
Ramachandra Puram,Hyderabad,,,,,
Ramachandrapuram,Hyderabad,,,,,
Rameshwaram Banda,Hyderabad,,,,,
Rampally,Hyderabad,,,,,
Saidabad,Hyderabad,,,,,
Sainikpuri,Hyderabad,,,,,
Sanath Nagar,Hyderabad,,,,,
Saroornagar,Hyderabad,,,,,
Serilingampally,Hyderabad,,,,,
Shaikpet,Hyderabad,,,,,
Shamirpet,Hyderabad,,,,,
Shamshabad,Hyderabad,,,,,
Shankarpalli,Hyderabad,,,,,
Shankarpally Road,Hyderabad,,,,,
Somajiguda,Hyderabad,,,,,
Sri Nagar Colony,Hyderabad,,,,,
Suchitra,Hyderabad,,,,,
Suraram,Hyderabad,,,,,
Tarnaka,Hyderabad,,,,,
Tellapur,Hyderabad,,,,,
Toli Chowki,Hyderabad,,,,,
Trimalgherry,Hyderabad,,,,,
Tukkuguda,Hyderabad,,,,,
Uppal,Hyderabad,,,,,
Uppal Kalan,Hyderabad,,,,,
Vanasthalipuram,Hyderabad,,,,,
Velimela,Hyderabad,,,,,
West Marredpally,Hyderabad,,,,,
Yapral,Hyderabad,,,,,
